Prompt,Mechanic,Set,Sheet,Picture,OriginLink
"""Baby Robin"" your best friend.",Favor,NSFW Edition,Main Decks,Link,https://drive.google.com/file/d/1JceybUfgyYRXAJ6EYpUQkYgVfON0smOW/view?usp=sharing
A Hedgehog hogs the blankets.,I'll Take That,Barking Kittens,Expansions,Link,https://drive.google.com/file/d/1GS-0INcTcJqZ0Nxa5KezTLD4ieteTXvt/view?usp=sharing
A Jacknope bounds into the room. (First Edition),Nope,First Edition,Main Decks,Link,
A Jacknope bounds into the room. (Original Edition),Nope,Original Edition,Main Decks,Link,https://drive.google.com/file/d/1MOxrkOgjSZ_JdUAubChjK_1il5pM3-n7/view?usp=sharing
A Jacknope bounds into the room. (Party Pack),Nope,Party Pack,Main Decks,Link,https://drive.google.com/file/d/1ks9pRrveRrAfsTbnsnKY-9WwvfHr3mNj/view?usp=sharing
A Jacknope bounds into the room. (TFC Edition),Nope,TFC Edition,Main Decks,Link,https://drive.google.com/file/d/1huBmYyqUNYUAao3tSW931iQK7EoWYXZE/view?usp=sharing
A Kraken emerges and he's super upset.,Shuffle,NSFW Edition,Main Decks,Link,https://drive.google.com/file/d/1X6FCECsxmTOnvV6Smoy6tXxX84vMp51s/view?usp=sharing
A nope ninja delivers a wicked dragon kick. (First Edition),Nope,First Edition,Main Decks,Link,
A nope ninja delivers a wicked dragon kick. (Original Edition),Nope,Original Edition,Main Decks,Link,https://drive.google.com/file/d/1XV6Yj1bmQaLOTT69lI8CFaItPac4v4zD/view?usp=sharing
A nope ninja delivers a wicked dragon kick. (Party Pack),Nope,Party Pack,Main Decks,Link,https://drive.google.com/file/d/1PdNZye5A3gcACcFsc6XLDd1wvPxhkNyL/view?usp=sharing
A nope ninja delivers a wicked dragon kick. (TFC Edition),Nope,TFC Edition,Main Decks,Link,https://drive.google.com/file/d/1pZ9SGqKASEBY-6bGT10t_U0JYCMl0OMs/view?usp=sharing
A nope ninja delivers a wicked dragon kick. *,Nope,Party Pack,Main Decks,Link,https://drive.google.com/file/d/12rJqXvA0Y24XMYQ4gaTG5j00Cy5nqL0N/view?usp=sharing
A plague of bat farts descends from the sky. (First Edition),Shuffle,First Edition,Main Decks,Link,
A plague of bat farts descends from the sky. (Original Edition),Shuffle,Original Edition,Main Decks,Link,https://drive.google.com/file/d/1Ou5H1tbf3IRL9NteUgx2sO6RE_p8ah2v/view?usp=sharing
A plague of bat farts descends from the sky. (TFC Edition),Shuffle,TFC Edition,Main Decks,Link,https://drive.google.com/file/d/1-OmcSSRTvQUMdK2m8dju-4eyCVin_fF2/view?usp=sharing
A transdimensional litter box materializes. (First Edition),Shuffle,First Edition,Main Decks,Link,
A transdimensional litter box materializes. (Original Edition),Shuffle,Original Edition,Main Decks,Link,https://drive.google.com/file/d/1H9AvlsEc1tJ1UYQaw2ZlAiCBiP5o7G6L/view?usp=sharing
A transdimensional litter box materializes. (Party Pack),Shuffle,Party Pack,Main Decks,Link,https://drive.google.com/file/d/1whjm7jZiyA353Nkkclbz6Fxv_Ni3UEyh/view?usp=sharing
A transdimensional litter box materializes. (TFC Edition),Shuffle,TFC Edition,Main Decks,Link,https://drive.google.com/file/d/1i0TC08RGqAro8Zm4kQ4t6nz6RSgExrtk/view?usp=sharing
A transdimensional litter box materializes. *,Shuffle,Party Pack,Main Decks,Link,https://drive.google.com/file/d/1hoygU9oqdzGTqkUBcpa_MaJSXs6ywkan/view?usp=sharing
Abracrab Lincoln elected president. (First Edition),Shuffle,First Edition,Main Decks,Link,
Abracrab Lincoln elected president. (Original Edition),Shuffle,Original Edition,Main Decks,Link,https://drive.google.com/file/d/15X13vZAd8kCm_Y5nWQzMXXCKQabwaf3e/view?usp=sharing
Abracrab Lincoln elected president. (Party Pack),Shuffle,Party Pack,Main Decks,Link,https://drive.google.com/file/d/1k4i7acwKm7r_nq406RdNK5s7Ylltl96A/view?usp=sharing
Abracrab Lincoln elected president. (TFC Edition),Shuffle,TFC Edition,Main Decks,Link,https://drive.google.com/file/d/1NzmohInscPI90CAO17VUt-su1IzBtzwX/view?usp=sharing
Abracrab Lincoln elected president. *,Shuffle,Party Pack,Main Decks,Link,https://drive.google.com/file/d/1_V5CYn4XiLUJ8wO74ejMpdtyao7MuCwB/view?usp=sharing
Agree to participate in your cat's science experiment.,Super Skip,Streaking Kittens,Expansions,Link,https://drive.google.com/file/d/1bvAjU5sIr2JJ5ig9oAwPMwRLvyuAqAUz/view?usp=sharing
An asparagus bum dragon appears.,Shuffle,NSFW Edition,Main Decks,Link,https://drive.google.com/file/d/1gtLJNeparyrEsEh1Dy0PXbp3ltYB3k4O/view?usp=sharing
An electromagnetic pomeranian storm rolls in from the east. (First Edition),Shuffle,First Edition,Main Decks,Link,
An electromagnetic pomeranian storm rolls in from the east. (Original Edition),Shuffle,Original Edition,Main Decks,Link,https://drive.google.com/file/d/1lqGBCeue-Et756J2PIR5mYxCYh2eSmcP/view?usp=sharing
An electromagnetic pomeranian storm rolls in from the east. (Party Pack),Shuffle,Party Pack,Main Decks,Link,https://drive.google.com/file/d/1hwoiscaAnly3J2WqGnYIjD6H6qQzPbvA/view?usp=sharing
An electromagnetic pomeranian storm rolls in from the east. (TFC Edition),Shuffle,TFC Edition,Main Decks,Link,https://drive.google.com/file/d/1xtqECAMavjNma0QbBgbeZoAeLXi9gWac/view?usp=sharing
Armakitten,Armakitten,Deck of Legends,Main Decks,Link,https://drive.google.com/file/d/1hn_uAy-S65-wkJRvnpFA4Gzl96Rglx0T/view?usp=sharing
Ask for a back hair shampoo. (First Edition),Favor,First Edition,Main Decks,Link,
Ask for a back hair shampoo. (Original Edition),Favor,Original Edition,Main Decks,Link,https://drive.google.com/file/d/1hA5-1gnOIN0Qz5i93iu-Tvl-t_G9M1CV/view?usp=sharing
Ask for a back hair shampoo. (TFC Edition),Favor,TFC Edition,Main Decks,Link,https://drive.google.com/file/d/1WGSd8peqi7HUsHLtOPu-J-rnQyJF8Lvb/view?usp=sharing
"Ask not what your kitten can do for you, ask what you can do for your kitten.",Kitten President,Deck of Legends,Main Decks,Link,https://drive.google.com/file/d/1Exz7dMYtmPi6uJADgHZqSHAMm0ziPG6h/view?usp=sharing
Ask the All-seeing goat wizard. (First Edition),See the Future 3x,First Edition,Main Decks,Link,
Ask the All-seeing goat wizard. (Original Edition),See the Future 3x,Original Edition,Main Decks,Link,https://drive.google.com/file/d/1G7ey9ZOBMXj64RQ_QITXHGbUrZupE4q8/view?usp=sharing
Ask the All-seeing goat wizard. (TFC Edition),See the Future 3x,TFC Edition,Main Decks,Link,https://drive.google.com/file/d/1rp4AC_3ibyNNIbQmcpTBgYrnnTy__xjD/view?usp=sharing
Ask the All-seeing goat wizard. *,See the Future 3x,Party Pack,Main Decks,Link,https://drive.google.com/file/d/1uXRtqCF8W_ryKJu7biVg6GVJZk6os7Qu/view?usp=sharing
Attach a butterfly to your genitals and see where it takes you in life.,See the Future 3x,NSFW Edition,Main Decks,Link,https://drive.google.com/file/d/1mPA17mrszuRYRDp2x4zm1ndz36sL8uzp/view?usp=sharing
Awaken the Bear-o-dactyl. (First Edition),Attack 2x,First Edition,Main Decks,Link,
Awaken the Bear-o-dactyl. (Original Edition),Attack 2x,Original Edition,Main Decks,Link,https://drive.google.com/file/d/1wGOQW9kCGHe8BgbW7njw5ha0KNGkus9z/view?usp=sharing
Awaken the Bear-o-dactyl. (Party Pack),Attack 2x,Party Pack,Main Decks,Link,https://drive.google.com/file/d/11cO2T3SFu65vc7EhJMuNbE0SsTxTYA01/view?usp=sharing
Awaken the Bear-o-dactyl. (TFC Edition),Attack 2x,TFC Edition,Main Decks,Link,https://drive.google.com/file/d/1wNBgaUnW_mDqeoXORl3tslWm_29-_yIu/view?usp=sharing
Awaken the Bear-o-dactyl. *,Attack 2x,Party Pack,Main Decks,Link,https://drive.google.com/file/d/1PezOeLjIZAzaOkyY4hZOKBg6KZzZYl6f/view?usp=sharing
Awaken the Narnope.,Nope,NSFW Edition,Main Decks,Link,https://drive.google.com/file/d/16XxiLQzBd93uy8uy0cT8N4jaGdnU8jbi/view?usp=sharing
Barking Kitten (dog house),Barking Kitten,Barking Kittens,Expansions,Link,https://drive.google.com/file/d/1DfA3EUJQzmDJfKu8c585dZxIfhWZdoj-/view?usp=sharing
Barking Kitten (fence),Barking Kitten,Barking Kittens,Expansions,Link,https://drive.google.com/file/d/1_1-Ih9MfqCRkNTCc_X-fNx3cskBQObAK/view?usp=sharing
Be adventurous on a first date. Go skinny dipping in hot garbage.,Garbage Collection,Streaking Kittens,Expansions,Link,https://drive.google.com/file/d/14sjosalcsqgzEHjDHkyX72vsJZF33wy-/view?usp=sharing
Beard Cat (Bonus Edition),Cat Card,All Bonus Cards,Bonus Edition,Link,https://drive.google.com/file/d/1_PW6FdgyPpwO4BOxj3aGU7aKwNX0kBWG/view?usp=sharing
Beard Cat (Bonus TFC Edition),Cat Card,All Bonus Cards,Bonus TFC Edtion,Link,
Beard Cat (First Edition),Cat Card,First Edition,Main Decks,Link,
Beard Cat (Original Edition),Cat Card,Original Edition,Main Decks,Link,https://drive.google.com/file/d/1K1VDRb1bBpKtGAtd1Ug0z873I7NgSNub/view?usp=sharing
Beard Cat (Party Pack),Cat Card,Party Pack,Main Decks,Link,https://drive.google.com/file/d/188GPyv_6WBNhg1QJKl4BI6AkaeUQ62Fz/view?usp=sharing
Beard Cat (TFC Edition),Cat Card,TFC Edition,Main Decks,Link,https://drive.google.com/file/d/1HBZyenXViZvwHfHj0VQDleFbD7juFUG6/view?usp=sharing
Beard Cat *,Cat Card,Party Pack,Main Decks,Link,https://drive.google.com/file/d/1Woy1gGy2ClYlOwoRoITBKDVvGGcFI28u/view?usp=sharing
Behold the Angler Pig.,See the Future 5x,Streaking Kittens,Expansions,Link,https://drive.google.com/file/d/1yBmJxejkx7By0v7jHwNrFbbn-fi9m8au/view?usp=sharing
Bikini Cat,Cat Card,NSFW Edition,Main Decks,Link,https://drive.google.com/file/d/1sPRtC0uxwr-ZtW1s9KIEPqfTpRqElGf_/view?usp=sharing
Blind as a Bat,Blind as a Bat,All Bonus Cards,Hidden Edition,Link,https://drive.google.com/file/d/1WEylPxvXPVJGySOroLuhkvbY5DDBbxqT/view?usp=sharing
Blind as a Bat (art deco),Blind as a Bat,All Bonus Cards,Hidden Edition,Link,https://drive.google.com/file/d/1UJBEO1Vatrh1Er3P7HBC1TUF52jqp1y7/view?usp=sharing
Blind as a Bat (art deco) *,Blind as a Bat,All Bonus Cards,Hidden Edition,Link,https://drive.google.com/file/d/1akObmIm713MyyzEo_JU-qO2F6GlcMC-n/view?usp=sharing
Blind as a Bat (instructions),Instructions,All Bonus Cards,Hidden Edition,Link,https://drive.google.com/file/d/1KEh7MJ9ZwqmUJk1l6qKbjCzrNK3H7KKV/view?usp=sharing
Blind someone with an unwanted fur bum.,Curse of the Cat Butt,Streaking Kittens,Expansions,Link,https://drive.google.com/file/d/1HeDTbHhOtXLlK7XrLJyQeSDk8I6WbHzb/view?usp=sharing
Bury something that probably shouldn't be buried.,Bury,Barking Kittens,Expansions,Link,https://drive.google.com/file/d/1pHQko2PDGPuTDJ0GPO6-75a-O3PzgmKv/view?usp=sharing
C.A.T,C.A.T,Deck of Legends,Main Decks,Link,https://drive.google.com/file/d/19HAlVEESyGWC1G3YRY3bqwF7LSsQtx7-/view?usp=sharing
Cat to the Future,Cat to the Future,Deck of Legends,Main Decks,Link,https://drive.google.com/file/d/1Avw2hgg5BsmKCFrl0I44xe9eNkAaZ265/view?usp=sharing
Cat's Schrodinger,Cat Card,NSFW Edition,Main Decks,Link,https://drive.google.com/file/d/11SM00xGy6FT1KZZQFDs9Ac91efDKgGem/view?usp=sharing
Cat's Schrodinger (Bonus Edition),Cat Card,All Bonus Cards,Bonus Edition,Link,https://drive.google.com/file/d/1F7Y2g7jUfe0v0hy0oOB577YJ8sjAZYte/view?usp=sharing
Caternator,Caternator,Deck of Legends,Main Decks,Link,https://drive.google.com/file/d/1sDYdfqED5I6H1hsEq5m5LXFk2fcjunfa/view?usp=sharing
Cattermelon (Bonus Edition),Cat Card,All Bonus Cards,Bonus Edition,Link,https://drive.google.com/file/d/1LlNBbH2wiAefNaZgFAViZluQI7UqfRkD/view?usp=sharing
Cattermelon (Bonus TFC Edition),Cat Card,All Bonus Cards,Bonus TFC Edtion,Link,https://drive.google.com/file/d/16Tj4N_bDvjHG92-gQkIhqIQkRjLPabmS/view?usp=sharing
Cattermelon (First Edition),Cat Card,First Edition,Main Decks,Link,
Cattermelon (Original Edition),Cat Card,Original Edition,Main Decks,Link,https://drive.google.com/file/d/1ZEtltgsTF4QpP26O6s4KganYRA0NqM6z/view?usp=sharing
Cattermelon (Party Pack),Cat Card,Party Pack,Main Decks,Link,https://drive.google.com/file/d/113AAbuOUvaiPmBjr6aEQy4C8MKXDzrIw/view?usp=sharing
Cattermelon (TFC Edition),Cat Card,TFC Edition,Main Decks,Link,https://drive.google.com/file/d/1PaADWP64n8SGdqQ2QEBrVi-qQXJKrzxf/view?usp=sharing
Cattermelon *,Cat Card,Party Pack,Main Decks,Link,https://drive.google.com/file/d/1HKfi4htcqqP0X6PBLzTeujpwHX9V0glp/view?usp=sharing
Clean up while your cat watches.,Bury,Barking Kittens,Expansions,Link,https://drive.google.com/file/d/1FhqdLUCRYrTYnTbt2G34I76afLsJ1AVD/view?usp=sharing
Commandeer a Bunnyraptor. (First Edition),Skip,First Edition,Main Decks,Link,
Commandeer a Bunnyraptor. (Original Edition),Skip,Original Edition,Main Decks,Link,https://drive.google.com/file/d/1nUYHL5EjXdwymQF3sL2CYamlrKG4E6bC/view?usp=sharing
Commandeer a Bunnyraptor. (Party Pack),Skip,Party Pack,Main Decks,Link,https://drive.google.com/file/d/1l3Uar68Nvotd2cH8L-okKg7e4FTyux9q/view?usp=sharing
Commandeer a Bunnyraptor. (TFC Edition),Skip,TFC Edition,Main Decks,Link,https://drive.google.com/file/d/1yu85JNkEGkm2V1rELuOPV85FrBSxFFgK/view?usp=sharing
Commandeer a Bunnyraptor. *,Skip,Party Pack,Main Decks,Link,https://drive.google.com/file/d/1M3spPa_ciibDS5KRQ4Jeb7O3LXsgtTAu/view?usp=sharing
Consult with a business goat.,Alter the Future 3x NOW,Barking Kittens,Expansions,Link,https://drive.google.com/file/d/1ZipJTA1d5nS4HlWw9zUVASo95o3x6Rg9/view?usp=sharing
Crab walk with some crabs. (First Edition),Skip,First Edition,Main Decks,Link,
Crab walk with some crabs. (Original Edition),Skip,Original Edition,Main Decks,Link,https://drive.google.com/file/d/1d0LfJdSIUg9TJjH0pEvtzGKGENYM7v5a/view?usp=sharing
Crab walk with some crabs. (Party Pack),Skip,Party Pack,Main Decks,Link,https://drive.google.com/file/d/15_es0w3LqqL-_NkaSKerp8A-1eiDRPOq/view?usp=sharing
Crab walk with some crabs. (TFC Edition),Skip,TFC Edition,Main Decks,Link,https://drive.google.com/file/d/11aAl34S_9DDB2NlH3jddtwFa14NNkLgm/view?usp=sharing
Crab walk with some crabs. *,Skip,Party Pack,Main Decks,Link,https://drive.google.com/file/d/1fRLUr7wGJlRiBBkMfVo-Lo8kpjxgYlHR/view?usp=sharing
Crawl inside a goat butt and see many wondrous things.,See the Future 3x,NSFW Edition,Main Decks,Link,https://drive.google.com/file/d/1IGCLqnyEjYkAF6eYhfRpAyX_1xanipr_/view?usp=sharing
Crawl inside a goat butt and see many wondrous things. (Party Pack),See the Future 3x,Party Pack,Main Decks,Link,https://drive.google.com/file/d/1fVl_wZWHB-qWa1d5lBIqW0V-xLkU9c-M/view?usp=sharing
Deploy the groin-kicking Panda Bear.,Targeted Attack 2x,Imploding Kittens,Expansions,Link,https://drive.google.com/file/d/1aZWtb1jPiMifkCjGTy9b3sSV6X2v-Jf7/view?usp=sharing
Deploy the Special-ops bunnies. (First Edition),See the Future 3x,First Edition,Main Decks,Link,
Deploy the Special-ops bunnies. (Original Edition),See the Future 3x,Original Edition,Main Decks,Link,https://drive.google.com/file/d/1_17dZdiJNfjmn7k7yGoCEsv5Hh5pnvvI/view?usp=sharing
Deploy the Special-ops bunnies. (Party Pack),See the Future 3x,Party Pack,Main Decks,Link,https://drive.google.com/file/d/1ucHPh4zAzFtBvjX3yELLf0yLkPP7XbkI/view?usp=sharing
Deploy the Special-ops bunnies. (TFC Edition),See the Future 3x,TFC Edition,Main Decks,Link,https://drive.google.com/file/d/1rT39CNiBHbkS0Cb82t03iI9ncsn0Y62r/view?usp=sharing
Deploy the Thousand-year back hair. (First Edition),Attack 2x,First Edition,Main Decks,Link,
Deploy the Thousand-year back hair. (Original Edition),Attack 2x,Original Edition,Main Decks,Link,https://drive.google.com/file/d/12JXGcCmfMgxdD9ePOCKzLwzSf-jmKAf1/view?usp=sharing
Deploy the Thousand-year back hair. (Party Pack),Attack 2x,Party Pack,Main Decks,Link,https://drive.google.com/file/d/1twF9GoiXIhKrpzp86YHupPPVYOOjeLLh/view?usp=sharing
Deploy the Thousand-year back hair. (TFC Edition),Attack 2x,TFC Edition,Main Decks,Link,https://drive.google.com/file/d/1BtGTZ9f-dVHHHhsE7Q0RLBMp3niRoAEo/view?usp=sharing
Deploy the Thousand-year back hair. *,Attack 2x,Party Pack,Main Decks,Link,https://drive.google.com/file/d/1LuoZnUjgb3bYVpJhOJKC3q5jonAqCzO4/view?usp=sharing
Dig through the past and discover ancient treasures. (Bonus Edition),Amature Archeology,All Bonus Cards,Bonus Edition,Link,https://drive.google.com/file/d/1k2D3kny6w8lNZNp8IEpT6geQ1t_sH3tS/view?usp=sharing
Discover a boob wizard living in your boobs. Listen to the secrets he tells.,See the Future 3x,NSFW Edition,Main Decks,Link,https://drive.google.com/file/d/1WiY9FBRzK1_E4AANLnJ-EiqT4_u8r7VQ/view?usp=sharing
Discover some nope on your jump rope.,Nope,NSFW Edition,Main Decks,Link,https://drive.google.com/file/d/1jjgF0W4rwU660TvwewY4BFvYgLFn7Dwo/view?usp=sharing
Discover you have a sentient toilet.,Draw From the Bottom,Imploding Kittens,Expansions,Link,https://drive.google.com/file/d/1hy3xtJpA_ta6Z5fka4QYtcT5PMK6nWNh/view?usp=sharing
Discover you have a sentient toilet. (Party Pack),Draw From the Bottom,Party Pack,Main Decks,Link,https://drive.google.com/file/d/1ITy6DKrE0UI6DVDCGIM77Nw9vlXbS2zv/view?usp=sharing
Discover you have a toilet Werewolf.,Shuffle,NSFW Edition,Main Decks,Link,https://drive.google.com/file/d/1LBK-8V3Lf5JuZdkrSTNnJTGPpuwWAx9T/view?usp=sharing
Distract an exploding kitten with your magnificent cat bod.,Streaking Kitten,Streaking Kittens,Expansions,Link,https://drive.google.com/file/d/1jb9zd0nQ-0_6Y3K62-XXQjwhbtsibBeX/view?usp=sharing
Dog pile until it reaches the stars.,Potluck,Barking Kittens,Expansions,Link,https://drive.google.com/file/d/1QDy2FvHMPyk2q9KfgvhUF50xkJn2GUHR/view?usp=sharing
Don a portable Cheetah butt. (First Edition),Skip,First Edition,Main Decks,Link,
Don a portable Cheetah butt. (Original Edition),Skip,Original Edition,Main Decks,Link,https://drive.google.com/file/d/1MnEXkdPXt5WyAwmGI0A6HPGAvgrgOxe5/view?usp=sharing
Don a portable Cheetah butt. (Party Pack),Skip,Party Pack,Main Decks,Link,https://drive.google.com/file/d/11xv_PabPnI0y36OvXWOKrcHzNIal7Qo5/view?usp=sharing
Don a portable Cheetah butt. (TFC Edition),Skip,TFC Edition,Main Decks,Link,https://drive.google.com/file/d/18lnute8XJOJyg330OmtrTPYjINKecCFd/view?usp=sharing
Don a portable Cheetah butt. *,Skip,Party Pack,Main Decks,Link,https://drive.google.com/file/d/1O4ExFLHT8LeSO6ObnGK7JW8Q14NJizxI/view?usp=sharing
Donate your body to cat science.,Favor,NSFW Edition,Main Decks,Link,https://drive.google.com/file/d/1p6tKUSEUZEXJlXMki93aX_NyIjNSG8_m/view?usp=sharing
Drink an entire bottle of Bald Eagle tears.,See the Future 3x,NSFW Edition,Main Decks,Link,https://drive.google.com/file/d/1tYm5CuQNAb9XBMxvxyR_zWA8cguGI-Qk/view?usp=sharing
Engage the Hypergoat. (First Edition),Skip,First Edition,Main Decks,Link,
Engage the Hypergoat. (Original Edition),Skip,Original Edition,Main Decks,Link,https://drive.google.com/file/d/1j8FP3kf8MH3wx09bviCww9ttLzwqhN_m/view?usp=sharing
Engage the Hypergoat. (Party Pack),Skip,Party Pack,Main Decks,Link,https://drive.google.com/file/d/1cfdsGHlsskWSujX0M23gYlIFm51Un03I/view?usp=sharing
Engage the Hypergoat. (TFC Edition),Skip,TFC Edition,Main Decks,Link,https://drive.google.com/file/d/1muRSx8K3b6I5uKLDbc8br4j69yiiheJS/view?usp=sharing
Engage the Hypergoat. *,Skip,Party Pack,Main Decks,Link,https://drive.google.com/file/d/1I97Sk87W76xZATajUZG4UmbwGGBxHQZa/view?usp=sharing
Evade dirty Sasquatch underpants.,Skip,NSFW Edition,Main Decks,Link,https://drive.google.com/file/d/1fRHebf4_wYpla4cLI2h_js8TA3py6KQJ/view?usp=sharing
Evade dirty Sasquatch underpants. (Party Pack),Skip,Party Pack,Main Decks,Link,https://drive.google.com/file/d/1vcV7Gc1G29NutXsfXEkbX0laEcgGi1V4/view?usp=sharing
Exploding Kitten (alien),Exploding Kitten,NSFW Edition,Main Decks,Link,https://drive.google.com/file/d/1OCPvXcSJLtSghOAwQnt6bJJdcEVw7OlU/view?usp=sharing
Exploding Kitten (C4),Exploding Kitten,NSFW Edition,Main Decks,Link,https://drive.google.com/file/d/1_OLMoz38P48pGyONBqM_-NjZlYcMbunH/view?usp=sharing
Exploding Kitten (C4) (Party Pack),Exploding Kitten,Party Pack,Main Decks,Link,https://drive.google.com/file/d/17U7iOKM92n8R4d8N4IzlLxe5TiXHOXZd/view?usp=sharing
Exploding Kitten (car),Exploding Kitten,Streaking Kittens,Expansions,Link,https://drive.google.com/file/d/1YGi2djHoWknqJSLljoNQNSWEvmGdjAs1/view?usp=sharing
Exploding Kitten (grenade) (First Edition),Exploding Kitten,First Edition,Main Decks,Link,
Exploding Kitten (grenade) (Original Edition),Exploding Kitten,Original Edition,Main Decks,Link,https://drive.google.com/file/d/1qQ4yXjz0X461R52CSvNY4R2_u02C8W0D/view?usp=sharing
Exploding Kitten (grenade) (Party Pack),Exploding Kitten,Party Pack,Main Decks,Link,https://drive.google.com/file/d/1B5QYK5gonuBPRN99tCXwSk6vKlF_aW5F/view?usp=sharing
Exploding Kitten (grenade) (TFC Edition),Exploding Kitten,TFC Edition,Main Decks,Link,https://drive.google.com/file/d/1g7kQSQzc2DBX7FdZa_T788H3qy3jdV3d/view?usp=sharing
Exploding Kitten (nuke) (First Edition),Exploding Kitten,First Edition,Main Decks,Link,
Exploding Kitten (nuke) (Original Edition),Exploding Kitten,Original Edition,Main Decks,Link,https://drive.google.com/file/d/1Ni27Ayx4GECDCf9cRTBiDBlkDprsJ-vc/view?usp=sharing
Exploding Kitten (nuke) (Party Pack),Exploding Kitten,Party Pack,Main Decks,Link,https://drive.google.com/file/d/1Lik55VceNadQUkdQVRJSFChEUla3vfjs/view?usp=sharing
Exploding Kitten (nuke) (TFC Edition),Exploding Kitten,TFC Edition,Main Decks,Link,https://drive.google.com/file/d/1knJE7ZTpsEU0eKjkIowTpoRBpsuwB4er/view?usp=sharing
Exploding Kitten (park),Exploding Kitten,NSFW Edition,Main Decks,Link,https://drive.google.com/file/d/10iFKwJOlsU7b1cM_vk9wLo7HG0dlotAK/view?usp=sharing
Exploding Kitten (science),Exploding Kitten,NSFW Edition,Main Decks,Link,https://drive.google.com/file/d/1lwquenMIVxt6QQSolXZ82M0am8WyYZe2/view?usp=sharing
Exploding Kitten (TNT) (First Edition),Exploding Kitten,First Edition,Main Decks,Link,
Exploding Kitten (TNT) (Original Edition),Exploding Kitten,Original Edition,Main Decks,Link,https://drive.google.com/file/d/1x8wmWyA_zmhNieUPQT1JKTXzvXBHUYlw/view?usp=sharing
Exploding Kitten (TNT) (Party Pack),Exploding Kitten,Party Pack,Main Decks,Link,https://drive.google.com/file/d/1oRjq9wrgZKqImT3JGzElFBp7dDA-AlAE/view?usp=sharing
Exploding Kitten (TNT) (TFC Edition),Exploding Kitten,TFC Edition,Main Decks,Link,https://drive.google.com/file/d/1-9NcLmoEWyEW4L3vPjldhONqTRFd9n4F/view?usp=sharing
Exploding Kitten (warp core) (First Edition),Exploding Kitten,First Edition,Main Decks,Link,
Exploding Kitten (warp core) (Original Edition),Exploding Kitten,Original Edition,Main Decks,Link,https://drive.google.com/file/d/1TGbrpzfau12OSVTZwpfYNgSMRojH4lt1/view?usp=sharing
Exploding Kitten (warp core) (Party Pack),Exploding Kitten,Party Pack,Main Decks,Link,https://drive.google.com/file/d/154MdafU8TTH9yHSRMioUc8G_k8j-ZjST/view?usp=sharing
Exploding Kitten (warp core) (TFC Edition),Exploding Kitten,TFC Edition,Main Decks,Link,https://drive.google.com/file/d/1TgjbGGtLoGnyw6x0_-TMOgKBPBXonf4W/view?usp=sharing
Fall so deeply in love it gives you both crazy diarrhea.,Favor,NSFW Edition,Main Decks,Link,https://drive.google.com/file/d/1nb2J8pr62GpWhWxZsmVgahDj5cBfL90G/view?usp=sharing
Feast upon a unicorn enchilada and gain its enchilada powers. (First Edition),See the Future 3x,First Edition,Main Decks,Link,
Feast upon a unicorn enchilada and gain its enchilada powers. (Original Edition),See the Future 3x,Original Edition,Main Decks,Link,https://drive.google.com/file/d/1eBbv7kNATvNX8cx2y4bBmMqjLo1dHqmP/view?usp=sharing
Feast upon a unicorn enchilada and gain its enchilada powers. (Party Pack),See the Future 3x,Party Pack,Main Decks,Link,https://drive.google.com/file/d/11BTkW3vlNja9P-uPDjL_oR5rc2SrQJC7/view?usp=sharing
Feast upon a unicorn enchilada and gain its enchilada powers. (TFC Edition),See the Future 3x,TFC Edition,Main Decks,Link,https://drive.google.com/file/d/1For8sERULypf9fvrjZ3_bH35bU4ZVPc7/view?usp=sharing
Feed your opponent a nope sandwich with extra nopesause. (First Edition),Nope,First Edition,Main Decks,Link,
Feed your opponent a nope sandwich with extra nopesause. (Original Edition),Nope,Original Edition,Main Decks,Link,https://drive.google.com/file/d/1G7x6_lZCIz5-aF4CiwU68ajuwFBWPmDk/view?usp=sharing
Feed your opponent a nope sandwich with extra nopesause. (Party Pack),Nope,Party Pack,Main Decks,Link,https://drive.google.com/file/d/1Q04T5KVS5pxV-SnNHTZNJV5qbsQ6Fdw9/view?usp=sharing
Feed your opponent a nope sandwich with extra nopesause. (TFC Edition),Nope,TFC Edition,Main Decks,Link,https://drive.google.com/file/d/1DuhaYiNcy7a_EJuudycPjYmO8lpUgmw4/view?usp=sharing
Feed your opponent a nope sandwich with extra nopesause. *,Nope,Party Pack,Main Decks,Link,https://drive.google.com/file/d/1lqmvffqt_jhQadPypD0ILNGWDRK6yR2V/view?usp=sharing
Feed your opponent a serving of nope with a butload of nope sause.,Nope,All Bonus Cards,Bonus Cards,Link,https://drive.google.com/file/d/1L6B3XGNbo7vZnKsmEtLZujdbe9Q_VzsS/view?usp=sharing
Feed your opponent some cantanope.,Nope,NSFW Edition,Main Decks,Link,https://drive.google.com/file/d/1uZwghvGg3YsKWph9GzgL10rnD27Tk12M/view?usp=sharing
Feral Cat,Feral Cat,Imploding Kittens,Expansions,Link,https://drive.google.com/file/d/1wmFtx9Sk0QFXkgP1lvC8PYJpGPxv2JoZ/view?usp=sharing
Feral Cat (Bonus Edition),Feral Cat,All Bonus Cards,Bonus Edition,Link,https://drive.google.com/file/d/1w4yuFxlx-g6uXpxlcTC8Fxamr5-HBeHD/view?usp=sharing
Feral Cat (Party Pack),Feral Cat,Party Pack,Main Decks,Link,https://drive.google.com/file/d/1w3xDwgkNiYRECGqdPHkb5gaf0DpTmolJ/view?usp=sharing
Feral Cat (Party Pack),Feral Cat,Party Pack,Main Decks,Link,https://drive.google.com/file/d/1w3xDwgkNiYRECGqdPHkb5gaf0DpTmolJ/view?usp=sharing
Feral Cat *,Feral Cat,Party Pack,Main Decks,Link,https://drive.google.com/file/d/1xmkCDQwDFhl9T8gsuGv4y42RZygAAANu/view?usp=sharing
Finally throw up all the crayons you ate when you where a kid.,Personal Attack 3x,Barking Kittens,Expansions,Link,https://drive.google.com/file/d/1nunGbcQ8QGO9MRoJhRiP6xa_r7AOE_lF/view?usp=sharing
Fire the Crab-a-pult. (First Edition),Attack 2x,First Edition,Main Decks,Link,
Fire the Crab-a-pult. (Original Edition),Attack 2x,Original Edition,Main Decks,Link,https://drive.google.com/file/d/1TP-x3mQIAR_mKbtSoII-qkKKnJ8vojNi/view?usp=sharing
Fire the Crab-a-pult. (Party Pack),Attack 2x,Party Pack,Main Decks,Link,https://drive.google.com/file/d/1sXfiBL1MOUbMTis2dhQsoYLWgGGI4Vti/view?usp=sharing
Fire the Crab-a-pult. (TFC Edition),Attack 2x,TFC Edition,Main Decks,Link,https://drive.google.com/file/d/1hU_mAFoHv3OyapUVdFZ-MObiRIU3ZV6E/view?usp=sharing
Fire the Crab-a-pult. *,Attack 2x,Party Pack,Main Decks,Link,https://drive.google.com/file/d/1ltPOFotXy8YP63M0T-pvcFD_dxLqYtnG/view?usp=sharing
Fire the fat-hamster crossbow.,Targeted Attack 2x,Imploding Kittens,Expansions,Link,https://drive.google.com/file/d/1A1LKAPCMu4NHydavPQuO0FJ04Yd4FT10/view?usp=sharing
Flip this card like a coin. (Bonus TFC Edition),Coin Toss,All Bonus Cards,Bonus TFC Edtion,Link,https://drive.google.com/file/d/1osNsUTIsETNGsGd7tGvvXbJErbXzFrO9/view?usp=sharing
Gaze upon a Furmaid.,Alter the Future 3x,Imploding Kittens,Expansions,Link,https://drive.google.com/file/d/1hwUNuESJ0qOlJzRL-z-85LbSNuxyR-up/view?usp=sharing
Gaze upon a Furmaid. (Party Pack),Alter the Future 3x,Party Pack,Main Decks,Link,https://drive.google.com/file/d/1z5xy93xLkXqFnSZtrleZN7qSc1axrgDd/view?usp=sharing
Get cursed at by a heck beaver.,Personal Attack 3x,Barking Kittens,Expansions,Link,https://drive.google.com/file/d/1DddRzqFjQWxKeZ1or0oot0hqyIfBr4O2/view?usp=sharing
Get enslaved by party squirrels. (First Edition),Favor,First Edition,Main Decks,Link,
Get enslaved by party squirrels. (Original Edition),Favor,Original Edition,Main Decks,Link,https://drive.google.com/file/d/1Cph1L6HH5KWYbAsqxLNOXBmr1zZaw033/view?usp=sharing
Get enslaved by party squirrels. (Party Pack),Favor,Party Pack,Main Decks,Link,https://drive.google.com/file/d/1pTPeKIHupMwjFxIxbqiThvQwi2Eq7ito/view?usp=sharing
Get enslaved by party squirrels. (TFC Edition),Favor,TFC Edition,Main Decks,Link,https://drive.google.com/file/d/1QK8hEGbwumh3YmKWiyzM5MiYiUhuwdmL/view?usp=sharing
Get enslaved by party squirrels.*,Favor,Party Pack,Main Decks,Link,https://drive.google.com/file/d/1Sd0-pUUswxffS2xhTikryabXxIeCmaJ-/view?usp=sharing
Get relationship advice from a sloth. (Bonus Edition),See the Future 1x,All Bonus Cards,Bonus Edition,Link,https://drive.google.com/file/d/1OebRiNdCyS_0KZMeyNoSWRP7Z6Xf2-LP/view?usp=sharing
Get that perm you've always wanted.,Alter the Future 3x NOW,Barking Kittens,Expansions,Link,https://drive.google.com/file/d/1PdLedtAuTZdIqSVknyDet4b_qtFvDuVO/view?usp=sharing
Give yourself a fierce spankin'.,Personal Attack 3x,Barking Kittens,Expansions,Link,https://drive.google.com/file/d/1wxGtNVt3lKGXfB-W2oCRT6cr2q1u_RO4/view?usp=sharing
Go back in time and steal a pregnant dinosaur.,Reverse,Imploding Kittens,Expansions,Link,https://drive.google.com/file/d/1By4k0qePR53TMHrOyqHCAPXLRMIWew0n/view?usp=sharing
Go back in time and steal a pregnant dinosaur. (Party Pack),Reverse,Party Pack,Main Decks,Link,https://drive.google.com/file/d/1ln2_zOfIUpI_rk92Jv9zaT4BxVqFrqLx/view?usp=sharing
Go base jumping using a pair of old lady boobs.,Skip,NSFW Edition,Main Decks,Link,https://drive.google.com/file/d/1EcCK_4Hfa9-OPrevz0FNvQvrG6MWGOrs/view?usp=sharing
Go creepin' in other peoples business. (Bonus Edition),Creepy Peeky,All Bonus Cards,Bonus Edition,Link,
Go time-traveling with a crab and disrupt the space-crab continuum.,Alter the Future 3x,Imploding Kittens,Expansions,Link,https://drive.google.com/file/d/1G55AB8y_3-6clvQYhFA3WBTa8aLzkvyI/view?usp=sharing
Go time-traveling with a crab and disrupt the space-crab continuum. (Party Pack),Alter the Future 3x,Party Pack,Main Decks,Link,https://drive.google.com/file/d/1883rjkWvk7vxT27SaYBz1-ZimBBI6cNl/view?usp=sharing
Go time-traveling with a crab and disrupt the space-crab continuum. *,Alter the Future 3x,Party Pack,Main Decks,Link,https://drive.google.com/file/d/1QmT9JDrnHdwcHTdUaXcxY-KtskPBIZpd/view?usp=sharing
Grow a magnificent squid arm and start slapping fat babies.,Attack 2x,NSFW Edition,Main Decks,Link,https://drive.google.com/file/d/1sHMMtOzgWRlxsAS4jH2asgQpFLQorNUN/view?usp=sharing
Hairy Potato Cat (Bonus Edition),Cat Card,All Bonus Cards,Bonus Edition,Link,https://drive.google.com/file/d/1N-ojrWMxy-NX36gf8jZLfbFKWqlr0hYk/view?usp=sharing
Hairy Potato Cat (Bonus TFC Edition),Cat Card,All Bonus Cards,Bonus TFC Edtion,Link,https://drive.google.com/file/d/1OwR4m355WRs0VLDkGkbFSou93yHkhUhF/view?usp=sharing
Hairy Potato Cat (First Edition),Cat Card,First Edition,Main Decks,Link,
Hairy Potato Cat (Original Edition),Cat Card,Original Edition,Main Decks,Link,https://drive.google.com/file/d/1yn-Fd9-F6vTWNGZgToOFddsrgPhoGPTL/view?usp=sharing
Hairy Potato Cat (Party Pack),Cat Card,Party Pack,Main Decks,Link,https://drive.google.com/file/d/1qszDIaMQyj67WaTsaaEFG13jRleyJPCp/view?usp=sharing
Hairy Potato Cat (TFC Edition),Cat Card,TFC Edition,Main Decks,Link,https://drive.google.com/file/d/1hexNPGZzoA-ZMMCpOtvIfmJrz0wBC_sQ/view?usp=sharing
Hairy Potato Cat *,Cat Card,Party Pack,Main Decks,Link,https://drive.google.com/file/d/1700Twd-g-3DeWt7zlQ_b6fN_MWPeBsBO/view?usp=sharing
He is small and cute but still full of raging war juice.,Battle Hamster,Deck of Legends,Main Decks,Link,https://drive.google.com/file/d/1QW3LjBjyVQQkmMeU0n3MzhrUp0n4v0ui/view?usp=sharing
Hip Cat,Hip Cat,Deck of Legends,Main Decks,Link,https://drive.google.com/file/d/1DW5Lgiz5Okn2uk1mFL-W5exDmuigMI9e/view?usp=sharing
Hitch a ride on a Corgihorse.,Super Skip,Barking Kittens,Expansions,Link,https://drive.google.com/file/d/1fo_Dy621LBZftf5Aee6AG0toN1uclQ9N/view?usp=sharing
Imploding Kitten,Imploding Kitten,Imploding Kittens,Expansions,Link,https://drive.google.com/file/d/1PYRxBHwlAUt4UtnBCYKMit36cy1NLfSD/view?usp=sharing
Kiss under mistletoe until you get crazy diarrhea.,Favor,All Bonus Cards,Bonus Cards,Link,https://drive.google.com/file/d/1DcvDql6yBzl-dML0pDD12Lec3GIBKHS3/view?usp=sharing
Kitten (sketched),Exploding Kitten,All Bonus Cards,Blackbox Press Kit,Link,
Listen to the boastings of some very accomplished trout.,Personal Attack 3x,Barking Kittens,Expansions,Link,https://drive.google.com/file/d/1jhrPzAicSlgCKP78nvrTdKaGszUf8lLW/view?usp=sharing
Listen to the words of an emo Emu.,Share the Future 3x,Barking Kittens,Expansions,Link,https://drive.google.com/file/d/1tNCIW50_dSIKYFvnuIZ2JCa_X4vdHpkt/view?usp=sharing
Make some poor medical decisions.,Swap Top and Bottom,Streaking Kittens,Expansions,Link,https://drive.google.com/file/d/1jb0FZt_xcEVtqwPEZedvka7mWeSSDvt8/view?usp=sharing
Momma Cat,Cat Card,NSFW Edition,Main Decks,Link,https://drive.google.com/file/d/1V97IBFRF50R9kl69TDKNe8ivu8_R9cVq/view?usp=sharing
Nikola Tesla materializes as a pigeon and teaches you things.,Alter the Future 5x,Streaking Kittens,Expansions,Link,https://drive.google.com/file/d/1M9P8EwjvxUpdqnaSeTFPzQ3QDtyGRha_/view?usp=sharing
Nopestadamus speaks the truth. (First Edition),Nope,First Edition,Main Decks,Link,
Nopestadamus speaks the truth. (Original Edition),Nope,Original Edition,Main Decks,Link,https://drive.google.com/file/d/1WowYvtHIfeI3JF8KxuvwpT2HFzI76h_9/view?usp=sharing
Nopestadamus speaks the truth. (Party Pack),Nope,Party Pack,Main Decks,Link,https://drive.google.com/file/d/1nUNL-6qiitlVF8P3uMbizVBR7eWIgenn/view?usp=sharing
Nopestadamus speaks the truth. (TFC Edition),Nope,TFC Edition,Main Decks,Link,https://drive.google.com/file/d/1a6VOb0HVfnX8voHxUBxygLJPaaqeSon9/view?usp=sharing
Nopestadamus speaks the truth. *,Nope,Party Pack,Main Decks,Link,https://drive.google.com/file/d/1thFq-HJx5TMOMj0ahU_x1YmoeGdj7H2H/view?usp=sharing
Place the tower of power upon your head and fill it with stash cards.,Tower of Power,Barking Kittens,Expansions,Link,https://drive.google.com/file/d/1sFUeCtDevAKgXyFATtFJkhti8M3bOiMo/view?usp=sharing
Play a game of whale boner Tetherball.,Skip,NSFW Edition,Main Decks,Link,https://drive.google.com/file/d/1e2_G5XCpj8FIGiVQc_PuAqdgEAJm93N3/view?usp=sharing
Plus Plus,Plus Plus,Deck of Legends,Main Decks,Link,https://drive.google.com/file/d/1lxTjbTxtbDZmo8Vz0cWQpzcMi1Dtl7VI/view?usp=sharing
Pucker Up,Pucker Up,Deck of Legends,Main Decks,Link,https://drive.google.com/file/d/1TuydhcqH1r_Ww7yZAq4BxjUR8iz3Ce2U/view?usp=sharing
Put on your necktie of nope. Holy smokes you look good.,Nope,NSFW Edition,Main Decks,Link,https://drive.google.com/file/d/10QPogvzDZgjPEl19BfeCJ6v43Fy0-dmF/view?usp=sharing
Rainbow-ralphing Cat (Bonus Edition),Cat Card,All Bonus Cards,Bonus Edition,Link,https://drive.google.com/file/d/1w2fU3-TU2EwJbvodgTbHbI9zCg2Z91g_/view?usp=sharing
Rainbow-ralphing Cat (Bonus TFC Edition),Cat Card,All Bonus Cards,Bonus TFC Edtion,Link,https://drive.google.com/file/d/1yh6q2o5aFhJLB9yHOjUOQM5yRsc1xeBF/view?usp=sharing
Rainbow-ralphing Cat (First Edition),Cat Card,First Edition,Main Decks,Link,
Rainbow-ralphing Cat (Original Edition),Cat Card,Original Edition,Main Decks,Link,https://drive.google.com/file/d/1CWkIV6LFQJ-yuGoylZwVoUJ2G6hjwlSL/view?usp=sharing
Rainbow-ralphing Cat (Party Pack),Cat Card,Party Pack,Main Decks,Link,https://drive.google.com/file/d/1UwmhcfweM_czPBtAdjddCPFTICyxAE8f/view?usp=sharing
Rainbow-ralphing Cat (TFC Edition),Cat Card,TFC Edition,Main Decks,Link,https://drive.google.com/file/d/1rm4_PC56f9LKijKBD8etmJhmhtU7ZxxA/view?usp=sharing
Rainbow-ralphing Cat *,Cat Card,Party Pack,Main Decks,Link,https://drive.google.com/file/d/1deG4EUI4esXm_Dh62fx6ZFSER3-GVxc7/view?usp=sharing
Receive a hairy tummy massage.,Reverse,Imploding Kittens,Expansions,Link,https://drive.google.com/file/d/1Geo3HZi6V3KOf5iJB7vL7Yse51YyI3Nb/view?usp=sharing
Receive a hairy tummy massage. (Party Pack),Reverse,Party Pack,Main Decks,Link,https://drive.google.com/file/d/1N_3XPmztANDNPYC6-dJI75vgXr6xORZU/view?usp=sharing
Release fireworks from your underpants.,Draw From the Bottom,Imploding Kittens,Expansions,Link,https://drive.google.com/file/d/1LFUG3jAMi626bkJGFpQEWsIP_FijUNfu/view?usp=sharing
Release fireworks from your underpants. (Party Pack),Draw From the Bottom,Party Pack,Main Decks,Link,https://drive.google.com/file/d/1IYs6V950p145Dqzu822pQUICXKax_W3A/view?usp=sharing
Release fireworks from your underpants. *,Draw From the Bottom,Party Pack,Main Decks,Link,https://drive.google.com/file/d/1LJGg5e05cE8xQW1eDFBWaUT8ckC5vQ8P/view?usp=sharing
Release the torture bunnies.,Attack 2x,NSFW Edition,Main Decks,Link,https://drive.google.com/file/d/1kTSWZv6xS4X1DqXcuM4Uhg3MJ1uf7Tmo/view?usp=sharing
Release the torture bunnies. (Party Pack),Attack 2x,Party Pack,Main Decks,Link,https://drive.google.com/file/d/1eFfnZ5HccQWlIwUgTWL7_wlyFv8WzU4k/view?usp=sharing
Return from an unpleasant doctor's visit.,Reverse,Imploding Kittens,Expansions,Link,https://drive.google.com/file/d/1EIV0WP2XucxaSHLYPpGQ2v9kZAI4OU2E/view?usp=sharing
Return from an unpleasant doctor's visit. (Party Pack),Reverse,Party Pack,Main Decks,Link,https://drive.google.com/file/d/1GRzerZDmtdPDLYE-eAgfbHfz8KrkiXrH/view?usp=sharing
Rub peanut butter on your belly button and make some new friends. (First Edition),Favor,First Edition,Main Decks,Link,
Rub peanut butter on your belly button and make some new friends. (Original Edition),Favor,Original Edition,Main Decks,Link,https://drive.google.com/file/d/1UorHC3jfXAxX6vOIfyZC932vETGXo9RN/view?usp=sharing
Rub peanut butter on your belly button and make some new friends. (Party Pack),Favor,Party Pack,Main Decks,Link,https://drive.google.com/file/d/1G2bnJwiYXUyECJJffadtfyG6TaWw3cOL/view?usp=sharing
Rub peanut butter on your belly button and make some new friends. (TFC Edition),Favor,TFC Edition,Main Decks,Link,https://drive.google.com/file/d/1OPEnV14V1wpGeVcjHJJaLPipBCPyseHq/view?usp=sharing
Rub the belly of a Pig-a-corn. (First Edition),See the Future 3x,First Edition,Main Decks,Link,
Rub the belly of a Pig-a-corn. (Original Edition),See the Future 3x,Original Edition,Main Decks,Link,https://drive.google.com/file/d/14mQKikGidDsv5wxFmCZ2a5LLORKoQT5K/view?usp=sharing
Rub the belly of a Pig-a-corn. (TFC Edition),See the Future 3x,TFC Edition,Main Decks,Link,https://drive.google.com/file/d/16gSBkK5ftXwzZDuRAyYJtNAcGIZ82RCR/view?usp=sharing
Rub the belly of a Pig-a-corn. *,See the Future 3x,Party Pack,Main Decks,Link,https://drive.google.com/file/d/1AMtDIKvDYYZhXCmeBNvDPO__gji8b1LI/view?usp=sharing
"Sail away on your penis balloon. Be free, little buddy.",Skip,NSFW Edition,Main Decks,Link,https://drive.google.com/file/d/1YCT0f55soDqqjjy-iqryW4U5hIeNIWKQ/view?usp=sharing
Say something nice.,Draw From the Bottom,Imploding Kittens,Expansions,Link,https://drive.google.com/file/d/12V8zALhoUZ-e2DVSUxoDIPWUuGtDLe8c/view?usp=sharing
Say something nice. (Party Pack),Draw From the Bottom,Party Pack,Main Decks,Link,https://drive.google.com/file/d/1T06In_lPwuDtS7huJjxac9WvZi5gXyWv/view?usp=sharing
Say something nice. *,Draw From the Bottom,Party Pack,Main Decks,Link,https://drive.google.com/file/d/1nh787mmFeCkQUMa567DM20EkhLhRJcqr/view?usp=sharing
Send in a Seagull who steals things.,I'll Take That,Barking Kittens,Expansions,Link,https://drive.google.com/file/d/1y9YlWcn2x8nvz2T6zHl_FJH9i6SQXFQl/view?usp=sharing
Send in a Vampug.,I'll Take That,Barking Kittens,Expansions,Link,https://drive.google.com/file/d/1QKNVgSCuw7yO2ah8xC1r7JeOZKad4pjg/view?usp=sharing
Send in the recon sloth.,Share the Future 3x,Barking Kittens,Expansions,Link,https://drive.google.com/file/d/12URAl5OjSi_ESK7A5xiBt3dwPH9f6xrj/view?usp=sharing
Send the Klepto cat.,I'll Take That,Barking Kittens,Expansions,Link,https://drive.google.com/file/d/1bi9v5cMPmQCj3p28FEZVDJ_v4GKaZjTd/view?usp=sharing
Share with the group at catnip anonymous.,Potluck,Barking Kittens,Expansions,Link,https://drive.google.com/file/d/1pCPr67d9suR9cwcU4YCnBIAJFGFa5WgC/view?usp=sharing
Shy Bladder Cat,Cat Card,NSFW Edition,Main Decks,Link,https://drive.google.com/file/d/1xYoMeqLlx9CBnSgWNoK07xCfunHX6xKf/view?usp=sharing
Smack someone in the face and make them super sad.,Double Slap,Party Pack,Main Decks,Link,https://drive.google.com/file/d/1Naz3yNGkfT0yjFplK9oy6zd3GAjr6fLR/view?usp=sharing
Smack someone in the face and make them super sad.,Triple Slap,Party Pack,Main Decks,Link,https://drive.google.com/file/d/12LwG1eDTrCAQMub0zAi7Aw3jpwtjFVf0/view?usp=sharing
Smack someone in the face and make them super sad. *,Double Slap,Party Pack,Main Decks,Link,https://drive.google.com/file/d/1yt-Ra0Y5eRd0Ecz78j-M7n-AXERQW6uI/view?usp=sharing
Smack someone in the face and make them super sad. *,Triple Slap,Party Pack,Main Decks,Link,https://drive.google.com/file/d/1HZVFXANh4v6C3pBRHUB80LIH087G0qdX/view?usp=sharing
Smoke some crack with a baby owl.,Shuffle,NSFW Edition,Main Decks,Link,https://drive.google.com/file/d/1C_4wdYFS-GcH82f3zCAofiZBjKpMnAWW/view?usp=sharing
Stare deep into the bum of a cat wizard and gain an understanding of all things.,Alter the Future 3x,Imploding Kittens,Expansions,Link,https://drive.google.com/file/d/12LHY_1oOiRQZrBFEiuhgFOoX0MPjRC8x/view?usp=sharing
Stare deep into the bum of a cat wizard and gain an understanding of all things. (Party Pack),Alter the Future 3x,Party Pack,Main Decks,Link,https://drive.google.com/file/d/17qB2i_PUadBbiax0kpUdwGxq0AelE6pG/view?usp=sharing
Steals from the rich and gives to the purrrr,Robin Hood,Deck of Legends,Main Decks,Link,https://drive.google.com/file/d/1jHu5beZzjW9sthsjjQFAhgw2iadH22hU/view?usp=sharing
Summon the golden-haired manatee.,Alter the Future 3x,Imploding Kittens,Expansions,Link,https://drive.google.com/file/d/1rvENcg9t4CMRgmKXjQPbdQTpeLdeu55S/view?usp=sharing
Summon the golden-haired manatee. (Party Pack),Alter the Future 3x,Party Pack,Main Decks,Link,https://drive.google.com/file/d/1wcr6oGpOVgF2wNU29H8y2ywxBH6wbaFd/view?usp=sharing
Summon the golden-haired manatee. *,Alter the Future 3x,Party Pack,Main Decks,Link,https://drive.google.com/file/d/1V10KoDQhbYhEgIY6vC4xdYu-u-Mn-NVD/view?usp=sharing
Summon the Mantis Shrimp. (First Edition),See the Future 3x,First Edition,Main Decks,Link,
Summon the Mantis Shrimp. (Original Edition),See the Future 3x,Original Edition,Main Decks,Link,https://drive.google.com/file/d/1MHU5AMvvbiJVxQnmMflMKcHlY1Ask24C/view?usp=sharing
Summon the Mantis Shrimp. (TFC Edition),See the Future 3x,TFC Edition,Main Decks,Link,https://drive.google.com/file/d/13WHKbDdfUxxpsFPS0uOT8EJxfK9JH-sr/view?usp=sharing
Summon the Mantis Shrimp. *,See the Future 3x,Party Pack,Main Decks,Link,https://drive.google.com/file/d/1AE5e-Z9BYjbUtGraKoXPXiAAzNK0xu4r/view?usp=sharing
Tacocat (Bonus Edition),Cat Card,All Bonus Cards,Bonus Edition,Link,https://drive.google.com/file/d/1ZDAkyVuGqK9-JgGHvSZT9xITCnmzmA0o/view?usp=sharing
Tacocat (Bonus TFC Edition),Cat Card,All Bonus Cards,Bonus TFC Edtion,Link,https://drive.google.com/file/d/1L2TbGwpQO7QOVgJKxu5EDq_l2k8AsO1w/view?usp=sharing
Tacocat (First Edition),Cat Card,First Edition,Main Decks,Link,
Tacocat (Original Edition),Cat Card,Original Edition,Main Decks,Link,https://drive.google.com/file/d/1m7OPeOZw6fP35x-2boe_Jo6ZFf_yCLJ-/view?usp=sharing
Tacocat (Party Pack),Cat Card,Party Pack,Main Decks,Link,https://drive.google.com/file/d/12k_AUDJ2oZIrRH79MIBe8FVmdAL-QR5L/view?usp=sharing
Tacocat (TFC Edition),Cat Card,TFC Edition,Main Decks,Link,https://drive.google.com/file/d/1QAh0jf8BbcQ5uU-FQy6PqqVqy7F89iZU/view?usp=sharing
Tacocat *,Cat Card,Party Pack,Main Decks,Link,https://drive.google.com/file/d/1xJP5EG7NC21Hl-O6N81tvdGROsJTQRJM/view?usp=sharing
Take a big bite out of your coward sandwich.,Draw From the Bottom,Imploding Kittens,Expansions,Link,https://drive.google.com/file/d/1UZvUIprzI4bk0KdwDp31Ddq9wXW-HLmG/view?usp=sharing
Take a big bite out of your coward sandwich. (Party Pack),Draw From the Bottom,Party Pack,Main Decks,Link,https://drive.google.com/file/d/1poIBxK_C9aEwGbXhDdWYBnDJc5yCLSDu/view?usp=sharing
Take a big bite out of your coward sandwich. *,Draw From the Bottom,Party Pack,Main Decks,Link,https://drive.google.com/file/d/12aYzMH4rTC65PG3i9YU8ezIps8cWGDx8/view?usp=sharing
Take your friends beard-sailing on your beard boat. (First Edition),Favor,First Edition,Main Decks,Link,
Take your friends beard-sailing on your beard boat. (Original Edition),Favor,Original Edition,Main Decks,Link,https://drive.google.com/file/d/1ufWbcm3QbL6opcIRsaBYyEq52yFdC0Nw/view?usp=sharing
Take your friends beard-sailing on your beard boat. (Party Pack),Favor,Party Pack,Main Decks,Link,https://drive.google.com/file/d/11oSJ3RvFyAwCDfOyPi7ZHol746FWjjZM/view?usp=sharing
Take your friends beard-sailing on your beard boat. (TFC Edition),Favor,TFC Edition,Main Decks,Link,https://drive.google.com/file/d/1WMIcODrbTLNXRzuZ9wOwD0GbjZq02iHc/view?usp=sharing
Take your friends beard-sailing on your beard boat. *,Favor,Party Pack,Main Decks,Link,https://drive.google.com/file/d/16kh6e7mQELBuWkyr8UltZ4B-pv2mjJMm/view?usp=sharing
Teach someone a new palindrome.,Favor,NSFW Edition,Main Decks,Link,https://drive.google.com/file/d/14398C4MjGpDh1weyaZuyks2N21HWS5gt/view?usp=sharing
The Mad Catter,The Mad Catter,Deck of Legends,Main Decks,Link,https://drive.google.com/file/d/1VMHVQi8KeJ3z2K-F0bG0OXgxOGj4srQT/view?usp=sharing
The pope of nope has spoken.,Nope,NSFW Edition,Main Decks,Link,https://drive.google.com/file/d/1G9tAgsExrpqimXfJ2wnSeF6UYv2lkzoL/view?usp=sharing
They love eachother more than rambo loves his friend beast.,Christopher and Steve,Deck of Legends,Main Decks,Link,https://drive.google.com/file/d/1XPt2yXW0wKhUheWTJiaPFIGvPa8mydXQ/view?usp=sharing
"This Bat sucks, which makes you sad.",Hip Bat,Deck of Legends,Main Decks,Link,https://drive.google.com/file/d/1gvK3WQjQRdOoTlDRcl9FHeIsNH4AC8aR/view?usp=sharing
This is a cause fur alarm,Catomic Bomb,Streaking Kittens,Expansions,Link,https://drive.google.com/file/d/1P-d9zou3MOTsH4zvEVBMyvHkEHsrSDGn/view?usp=sharing
Try something new today.,Reverse,Imploding Kittens,Expansions,Link,https://drive.google.com/file/d/1fS9t0kQCOLMiDEXmD_zjN97DakIJV0oI/view?usp=sharing
Try something new today. (Party Pack),Reverse,Party Pack,Main Decks,Link,https://drive.google.com/file/d/12Bx_VpZRlpQI180sngLZy3UysmXe_Buw/view?usp=sharing
Twins,Twins,Deck of Legends,Main Decks,Link,https://drive.google.com/file/d/1BTXyycMdvL-MqZYn5zbe4UUoPJtdO3fW/view?usp=sharing
Two parts fluffy. Ten parts dangerous.,The Twins,Deck of Legends,Main Decks,Link,https://drive.google.com/file/d/1MYs5csVWQpu1O3djeJgfva5nQ-bFu82P/view?usp=sharing
Unleash a shark who hurts with words instead of teeth.,Targeted Attack 2x,Imploding Kittens,Expansions,Link,https://drive.google.com/file/d/1rkHwEIQ_9z18uVwqbuPFlKl7NIkApNnP/view?usp=sharing
Unleash some adorable penguin diarrhea.,Attack 2x,NSFW Edition,Main Decks,Link,https://drive.google.com/file/d/1Rhv27krVmZXH1aT5-cT_ms3qFScx0Sax/view?usp=sharing
Unleash some adorable penguin diarrhea. (Party Pack),Attack 2x,Party Pack,Main Decks,Link,https://drive.google.com/file/d/1r_nQNhHyK8VmxjnxVGcA8XeNerOwZ_AG/view?usp=sharing
Unleash the Catterwocky. (First Edition),Attack 2x,First Edition,Main Decks,Link,
Unleash the Catterwocky. (Original Edition),Attack 2x,Original Edition,Main Decks,Link,https://drive.google.com/file/d/1NssmSfCDQzjYcxA9vgHxQ6-HKWSYayy2/view?usp=sharing
Unleash the Catterwocky. (Party Pack),Attack 2x,Party Pack,Main Decks,Link,https://drive.google.com/file/d/1XAH3LHq9oi64bUz11otDMV-2eSEu-MCQ/view?usp=sharing
Unleash the Catterwocky. (TFC Edition),Attack 2x,TFC Edition,Main Decks,Link,https://drive.google.com/file/d/1egi1or7KPGGImVz_j4KgjwXrfPaIT9iG/view?usp=sharing
Unleash the Catterwocky. *,Attack 2x,Party Pack,Main Decks,Link,https://drive.google.com/file/d/1BRIte2tSktLAl3w__0FDL-l24WDy_QYX/view?usp=sharing
Via 3am flatulence. (First Edition),Defuse,First Edition,Main Decks,Link,
Via 3am flatulence. (Original Edition),Defuse,Original Edition,Main Decks,Link,https://drive.google.com/file/d/1D3uzNcQioIwI03RHKPcSDWcDbZo7tkY4/view?usp=sharing
Via 3am flatulence. (TFC Edition),Defuse,TFC Edition,Main Decks,Link,https://drive.google.com/file/d/18QsI6LO9tYtXQ5yefRtmCK_FjWSU3JIH/view?usp=sharing
Via belly rubs. (First Edition),Defuse,First Edition,Main Decks,Link,
Via belly rubs. (Original Edition),Defuse,Original Edition,Main Decks,Link,https://drive.google.com/file/d/1HJ3cBL9Yu1GOyv8bhyS3AY0fyrOldyvB/view?usp=sharing
Via belly rubs. (Party Pack),Defuse,Party Pack,Main Decks,Link,https://drive.google.com/file/d/1BBylavsXD5g_uLkrAe4yEGHcV-w7hykS/view?usp=sharing
Via belly rubs. (TFC Edition),Defuse,TFC Edition,Main Decks,Link,https://drive.google.com/file/d/1Pf-98fj89jB6-tBaRNJeatDN6mExBdDP/view?usp=sharing
Via catnip sandwiches. (First Edition),Defuse,First Edition,Main Decks,Link,
Via catnip sandwiches. (Original Edition),Defuse,Original Edition,Main Decks,Link,https://drive.google.com/file/d/1OAXEw3Z9_gG2KFCtbHLMhA8QJItarRQK/view?usp=sharing
Via catnip sandwiches. (Party Pack),Defuse,Party Pack,Main Decks,Link,https://drive.google.com/file/d/1hS9IPzZimMiTsyXcbeqO6-eUI2qoKBfi/view?usp=sharing
Via catnip sandwiches. (TFC Edition),Defuse,TFC Edition,Main Decks,Link,https://drive.google.com/file/d/1b2AA3gZxS48Shu7HrYo8CsspPyfHzf9s/view?usp=sharing
Via catnip sandwiches. *,Defuse,Party Pack,Main Decks,Link,https://drive.google.com/file/d/1frhzRoA22xZmQV5yCQJmNq5wioiwmHjm/view?usp=sharing
Via crate.,Defuse,NSFW Edition,Main Decks,Link,https://drive.google.com/file/d/1VsZZxDJdWLhAl1o_ht0_wiJdAwZq62uf/view?usp=sharing
Via excessive ball-cleaning.,Defuse,NSFW Edition,Main Decks,Link,https://drive.google.com/file/d/12piEDdVlvyClqDIXakC56NATD_i1exqM/view?usp=sharing
Via excessive bell-cleaning.,Defuse,All Bonus Cards,Bonus Cards,Link,https://drive.google.com/file/d/18HQaAbvWoGTvOQ7bkfOxSFthhdL3hVeE/view?usp=sharing
Via kitten therapy. (First Edition),Defuse,First Edition,Main Decks,Link,
Via kitten therapy. (Original Edition),Defuse,Original Edition,Main Decks,Link,https://drive.google.com/file/d/1IJYS82YROl05u5rAV8QLYL_1veckHUGj/view?usp=sharing
Via kitten therapy. (Party Pack),Defuse,Party Pack,Main Decks,Link,https://drive.google.com/file/d/1ny89ygZumu5J_eE6zYoAlIoAWlgV5JaV/view?usp=sharing
Via kitten therapy. (TFC Edition),Defuse,TFC Edition,Main Decks,Link,https://drive.google.com/file/d/1saCdgXYrhfjWQPilYKrQjxJsZHOzsO0I/view?usp=sharing
Via kitten therapy. *,Defuse,Party Pack,Main Decks,Link,https://drive.google.com/file/d/1BRcYJezkfNwwWzWQNTc7VnLAMdIrPVif/view?usp=sharing
Via laser pointer. (First Edition),Defuse,First Edition,Main Decks,Link,
Via laser pointer. (Original Edition),Defuse,Original Edition,Main Decks,Link,https://drive.google.com/file/d/1y1G2I0wBRzjjgP8Dmy2PpLKwgeOQvq8x/view?usp=sharing
Via laser pointer. (Party Pack),Defuse,Party Pack,Main Decks,Link,https://drive.google.com/file/d/1ih7JRDHMzZRrGOseWDD2_pspob9Cpk1S/view?usp=sharing
Via laser pointer. (TFC Edition),Defuse,TFC Edition,Main Decks,Link,https://drive.google.com/file/d/1hACjUA-Tf6Yx0YDwm25An8CMKLLoZSm8/view?usp=sharing
Via laser pointer. *,Defuse,Party Pack,Main Decks,Link,https://drive.google.com/file/d/1Kv5muetaEYxaBg2nbeBw9YIFXf-tiFC7/view?usp=sharing
Via mauling a baby.,Defuse,NSFW Edition,Main Decks,Link,https://drive.google.com/file/d/1Lq-sUgn2HQkc-aZyYeQDuGkYAkXP-8cB/view?usp=sharing
Via nature documentaries.,Defuse,NSFW Edition,Main Decks,Link,https://drive.google.com/file/d/1PP8XxVja1qor6ydlUWhQRYPHbb7HQ9A7/view?usp=sharing
Via participation in kitten yoga. (First Edition),Defuse,First Edition,Main Decks,Link,
Via participation in kitten yoga. (Original Edition),Defuse,Original Edition,Main Decks,Link,https://drive.google.com/file/d/1_-YJx73BgqrEjTquIM-aag-SvtoXt76o/view?usp=sharing
Via participation in kitten yoga. (Party Pack),Defuse,Party Pack,Main Decks,Link,https://drive.google.com/file/d/1AiZsjJIcFjUhy0v2Urx6pIF9ZE4BHn43/view?usp=sharing
Via participation in kitten yoga. (TFC Edition),Defuse,TFC Edition,Main Decks,Link,https://drive.google.com/file/d/1oqGjKuhFkR6RWEQORHigI3oFozOOJNfl/view?usp=sharing
Via porkback riding into the sunset together.,Defuse,NSFW Edition,Main Decks,Link,https://drive.google.com/file/d/1wbPd6jma6TrPzer4IkWjH5Ju02wvNKA2/view?usp=sharing
Via spay/neuter.,Defuse,NSFW Edition,Main Decks,Link,https://drive.google.com/file/d/1Vh97SJqGAzwPZU5cDuCsZhzR8aePV4KA/view?usp=sharing
Weave an infinity boner and live forever. For it is the most sacred of boners.,See the Future 3x,NSFW Edition,Main Decks,Link,https://drive.google.com/file/d/1XljOCUWOOsvGajXHdevhIz2IYyoVWZAh/view?usp=sharing
What was yours is now mine.,Mark,Streaking Kittens,Expansions,Link,https://drive.google.com/file/d/1Y1ZtveW7pLgS6usBgufqkukIui5QyjaQ/view?usp=sharing
Whip out your rubber dick collection.,Attack 2x,NSFW Edition,Main Decks,Link,https://drive.google.com/file/d/1VHgfBRn0Cu0XostTFuP36Tz2lmfCZrNp/view?usp=sharing
Whip out your rubber duck collection.,Attack 2x,Party Pack,Main Decks,Link,https://drive.google.com/file/d/1zYs85l42yXYWlxZq5WATJP_FgAkFVdcx/view?usp=sharing
Win the nopebell peace prize. (First Edition),Nope,First Edition,Main Decks,Link,
Win the nopebell peace prize. (Original Edition),Nope,Original Edition,Main Decks,Link,https://drive.google.com/file/d/1QIpH4tIV8TK3O3-0B53IL7jLAWq0RVDs/view?usp=sharing
Win the nopebell peace prize. (Party Pack),Nope,Party Pack,Main Decks,Link,https://drive.google.com/file/d/1W_V_ryxbvc28vk8m5OqOqg5NVkfgAkKH/view?usp=sharing
Win the nopebell peace prize. (TFC Edition),Nope,TFC Edition,Main Decks,Link,https://drive.google.com/file/d/1MU5acg1-OXlXkW0G37-5daAwfn__Q685/view?usp=sharing
Win the nopebell peace prize. *,Nope,Party Pack,Main Decks,Link,https://drive.google.com/file/d/10SZUg16_Ixxd6A3pJvzOvzWR7R-Mkz1F/view?usp=sharing
Zombie Cat,Cat Card,NSFW Edition,Main Decks,Link,https://drive.google.com/file/d/141xEpyZDaGMXAhO1ldTEHi-FulXrQUR9/view?usp=sharing
Zombie Cat (Bonus Edition),Cat Card,All Bonus Cards,Bonus Edition,Link,https://drive.google.com/file/d/1JQLRqv3FEZBqr3zUUlmcM4dc6BiBilQl/view?usp=sharing